"DocID","DocName","Specialization","PhoneNumber"
"1","esperanza trevino","Allergy and Immunology","(443) 383-6378"
"2","kira gould","Endocrinology","(929) 592-8047"
"3","kolten mendez","Cardiology	","(510) 691-1265"
"4","demi decker","Endocrinology","(850) 884-2058"
"5","samir snyder","Cardiology	","(469) 289-4840"
"6","timothy simpson","Anaesthesiology","(334) 783-4238"
"7","america keith","Endocrinology","(575) 357-0714"
"8","tori haynes","Allergy and Immunology","(704) 256-2056"
"9","sharon patton","Pathology","(478) 677-0339"
"10","natalee wheeler","Allergy and Immunology","(832) 416-9891"
"11","kaylee johnston","Pathology","(562) 594-1439"
"12","jenna cleveland","Endocrinology","(914) 939-2355"
"13","amira burton","Cardiology	","(256) 762-2552"
"14","carlos davenport","Endocrinology","(234) 365-2461"
"15","blaine mullen","Pathology","(717) 812-7869"
"16","lilian robertson","Endocrinology","(954) 150-2870"
"17","bently carney","Pathology","(681) 170-9150"
"18","bria tillman","Endocrinology","(609) 403-6547"
"19","wilson finch","Cardiology	","(330) 235-0797"
"20","ronan arnold","Anaesthesiology","(770) 874-8190"
"21","kellen mitchell","Endocrinology","(660) 202-0823"
"22","samir marks","Pathology","(810) 829-9050"
"23","maxim levine","Allergy and Immunology","(717) 452-1996"
"24","taryn cooley","Allergy and Immunology","(616) 521-2350"
"25","emiliano morin","Pathology","(470) 402-6110"
"26","sloane norris","Pathology","(216) 306-4157"
"27","nancy bailey","Allergy and Immunology","(682) 488-0760"
"28","malachi cummings","Allergy and Immunology","(208) 307-5506"
"29","trace reese","Pathology","(479) 694-5943"
"30","aiden ward","Endocrinology","(479) 580-4095"
"31","anabelle copeland","Cardiology	","(661) 360-5700"
"32","bodhi guy","Anaesthesiology","(917) 877-9126"
"33","reece vinson","Anaesthesiology","(602) 263-6781"
"34","angie wynn","Endocrinology","(320) 940-2356"
"35","leo craig","Cardiology	","(671) 597-5751"
"36","garrett holman","Cardiology	","(803) 753-1560"
"37","paula fisher","Anaesthesiology","(352) 437-4022"
"38","sam faulkner","Allergy and Immunology","(856) 918-0868"
"39","lana osborne","Endocrinology","(830) 109-0661"
"40","danna brock","Anaesthesiology","(316) 937-8996"
"41","brycen wilkerson","Allergy and Immunology","(539) 729-6330"
"42","brynn wheeler","Anaesthesiology","(617) 939-2430"
"43","bianca kane","Cardiology	","(201) 545-6145"
"44","carleigh cook","Allergy and Immunology","(985) 449-5350"
"45","vivienne flynn","Anaesthesiology","(973) 739-2106"
"46","aria brown","Cardiology	","(701) 437-3154"
"47","jordyn clayton","Cardiology	","(732) 392-1428"
"48","sonia bryan","Anaesthesiology","(620) 381-1520"
"49","devin hartman","Allergy and Immunology","(925) 979-8649"
"50","valentin mitchell","Allergy and Immunology","(715) 778-6759"
"51","kate levine","Allergy and Immunology","(610) 706-6140"
"52","alma mcmillan","Endocrinology","(302) 229-0080"
"53","enrique petty","Allergy and Immunology","(580) 515-8538"
"54","justus olsen","Cardiology	","(951) 123-5112"
"55","sylas thompson","Cardiology	","(314) 280-2099"
"56","lindsey moon","Allergy and Immunology","(787) 709-6280"
"57","simone mcdaniel","Pathology","(936) 352-3891"
"58","camdyn baldwin","Anaesthesiology","(682) 238-2600"
"59","brenda guzman","Pathology","(928) 853-0783"
"60","savanna burris","Cardiology	","(308) 893-1654"
"61","emerson alvarado","Anaesthesiology","(781) 220-1802"
"62","myah rosario","Anaesthesiology","(605) 811-8560"
"63","cash drake","Anaesthesiology","(606) 167-9196"
"64","edwin rice","Cardiology	","(970) 541-4074"
"65","diana carey","Cardiology	","(671) 191-2253"
"66","alexandra frost","Endocrinology","(650) 187-6610"
"67","kaia clarke","Anaesthesiology","(916) 405-9538"
"68","kyle bryant","Pathology","(513) 858-2443"
"69","fatima adams","Anaesthesiology","(281) 851-3987"
"70","pablo mcgee","Allergy and Immunology","(657) 126-7350"
"71","saniya strickland","Pathology","(229) 671-4590"
"72","daphne oneil","Allergy and Immunology","(410) 260-0931"
"73","reed trujillo","Allergy and Immunology","(209) 994-9762"
"74","jerome lowe","Anaesthesiology","(269) 637-9035"
"75","jacqueline farmer","Pathology","(430) 211-0744"
"76","johnathan acevedo","Pathology","(385) 912-7408"
"77","macey carrillo","Allergy and Immunology","(701) 753-5781"
"78","anaya buckner","Allergy and Immunology","(706) 832-4046"
"79","lucia rodgers","Anaesthesiology","(563) 258-4876"
"80","ruth beck","Endocrinology","(704) 550-2665"
"81","bentley daniels","Cardiology	","(469) 286-4011"
"82","hope barnett","Pathology","(805) 404-1903"
"83","annabelle norris","Endocrinology","(813) 367-5145"
"84","houston bush","Endocrinology","(601) 162-1754"
"85","janelle sherman","Anaesthesiology","(908) 292-3222"
"86","rylen hopkins","Anaesthesiology","(779) 958-3721"
"87","alexis higgins","Anaesthesiology","(973) 546-1589"
"88","hadley burris","Anaesthesiology","(334) 645-7830"
"89","coleman hurley","Cardiology	","(205) 730-3725"
"90","jane jacobs","Pathology","(715) 340-4602"
"91","shayla parsons","Allergy and Immunology","(405) 954-1303"
"92","nikolai small","Cardiology	","(315) 354-4241"
"93","karlie clemons","Endocrinology","(559) 266-1050"
"94","aryanna bonner","Allergy and Immunology","(907) 845-6337"
"95","luke garcia","Anaesthesiology","(267) 852-9987"
"96","molly henderson","Endocrinology","(361) 480-4204"
"97","brody hudson","Cardiology	","(865) 389-9515"
"98","richard grimes","Endocrinology","(872) 686-5416"
"99","izaiah conley","Anaesthesiology","(901) 256-5733"
"100","willie nieves","Pathology","(919) 855-5113"
